slug,title,category,summary,body,published_at,cover_url
pochemu-voda-neobychnoe-veschestvo,Почему вода — самое необычное вещество на Земле,Наука,"Аномалии плотности, теплоёмкости и поверхностного натяжения воды объясняются водородными связями.","Вода — единственное распространённое на Земле вещество, встречающееся в естественных условиях сразу в трёх агрегатных состояниях. Её поведение при этом сильно отличается от большинства жидкостей.

Самая известная аномалия — лёд легче жидкой воды и плавает на поверхности. Это связано с тем, что при замерзании молекулы H2O выстраиваются в кристаллическую решётку с водородными связями, которая занимает больше объёма, чем хаотично расположенные молекулы жидкости.

Ещё одна особенность — аномально высокая теплоёмкость. Именно благодаря ей океаны и крупные водоёмы сглаживают колебания температуры на планете, выступая гигантским тепловым буфером.",2024-03-12,
kak-chitat-etiketku-mineralnoy-vody,Как читать этикетку минеральной воды,Гид покупателя,"Разбираем, что означают степень минерализации, класс воды и маркировка «столовая», «лечебная», «лечебно-столовая».","На этикетке минеральной воды почти всегда указана минерализация в мг/л — это суммарное содержание растворённых солей. По этому показателю воду делят на столовую (до 1 г/л), лечебно-столовую (1–10 г/л) и лечебную (свыше 10 г/л).

Столовую воду можно пить ежедневно без ограничений, лечебно-столовую — курсами, а лечебную стоит употреблять только по назначению врача.

Также обратите внимание на источник: скважинная вода добывается из подземных горизонтов и обычно стабильнее по составу, чем вода из открытых источников.",2024-05-02,
religioznye-obryady-u-vody,Религиозные обряды у воды: зачем человеку омовение,Культура,От крещения в Иордане до омовений в Ганге — вода почти во всех религиях символизирует очищение и переход.,"Практически в каждой религиозной традиции вода выступает символом очищения и обновления. В христианстве обряд крещения символизирует смерть для греховной жизни и рождение для новой.

В индуизме омовение в священных реках, прежде всего в Ганге, считается способом смыть накопленную карму. В исламе ритуальное омовение (вуду) предшествует каждой молитве и совершается по строго определённой последовательности.

Несмотря на разницу в деталях обрядов, общей остаётся идея: вода — стихия перехода между состояниями, будь то грех и чистота, старая и новая жизнь.",2024-06-18,
zhestkaya-voda-chem-opasna,Жёсткая вода: чем она опасна для техники и как с этим бороться,Быт,"Соли кальция и магния образуют накипь в чайниках и стиральных машинах — разбираем, как продлить срок службы техники.","Жёсткость воды определяется концентрацией растворённых солей кальция и магния. При нагревании эти соли выпадают в осадок в виде накипи — плотного известкового налёта на нагревательных элементах.

Накипь снижает теплопередачу, увеличивает расход электроэнергии и со временем выводит из строя ТЭНы чайников, стиральных и посудомоечных машин.

Для снижения жёсткости используют магистральные фильтры-умягчители на основе ионного обмена, а для локальной защиты техники — специальные антинакипины и регулярную декальцинацию.",2024-08-09,
mify-o-strukturirovannoy-vode,Мифы о «структурированной» и «заряженной» воде,Наука,Разбираем популярные утверждения о «памяти воды» и «энергетической» структуре с точки зрения физики и химии.,"Понятие «структурированной воды» часто используется в маркетинге бытовых приборов и БАДов, однако у него нет общепринятого научного определения. Водородные связи между молекулами воды действительно образуют временные кластеры, но их время жизни измеряется пикосекундами.

Идея о «памяти воды», якобы сохраняющей информацию о растворённых в ней веществах после многократных разведений, была опровергнута в контролируемых повторных экспериментах и не имеет подтверждённого механизма действия.

Это не значит, что вода не может быть очищена или обогащена минералами — просто эти процессы описываются обычной химией, а не мистическими «энергетическими» свойствами.",2024-10-01,
skolko-vody-nuzhno-pit-v-den,Сколько воды нужно пить в день на самом деле,Здоровье,Правило «8 стаканов в день» не имеет строгого научного обоснования — потребность в воде индивидуальна.,"Расхожая рекомендация пить 8 стаканов воды в день (около 2 литров) не имеет единого научного источника и не учитывает климат, физическую активность, пол и массу тела человека.

Значительная часть суточной потребности в жидкости покрывается едой — овощами, фруктами, супами. Ориентироваться стоит на чувство жажды и цвет мочи: светло-соломенный оттенок обычно говорит о достаточном увлажнении.

Отдельного внимания заслуживают пожилые люди и спортсмены — у первых снижено чувство жажды, а вторые теряют больше жидкости с потом и им нужно осознанно следить за питьевым режимом.",2025-01-20,
