slug,name,country,location,latitude,longitude,annual_visitors,belief,allowed,forbidden,description,image_url,comment
lourdes,Лурдский источник,Франция,"Грот Массабьель, Лурд, департамент Верхние Пиренеи",43.0964,-0.05,6000000,"В 1858 году 14-летней Бернадетте Субиру являлась Дева Мария; на месте одного из явлений забил родник. Считается, что вода источника обладает целительной силой — паломники верят в исцеления от тяжёлых болезней после купания или омовения.","Набирать воду в бутылки в специально отведённых кранах, купаться в банях Лурда (piscines) по расписанию, молиться и участвовать в процессиях у грота.","Купаться в самом гроте вне организованных бань, оставлять мусор и личные вещи как «подношения» вне отведённых мест, коммерческая продажа лурдской воды.","Лурд — один из крупнейших центров католического паломничества в мире. Источник даёт около 100 000 литров воды в сутки, вода бесплатна для всех паломников и считается символом милосердия, а не магическим средством.",,
ganga-varanasi,Ганг в Варанаси,Индия,"Гхаты Варанаси (Дашашвамедх, Маникарника), штат Уттар-Прадеш",25.3176,83.0064,7000000,"Ганг почитается как богиня Ганга, сошедшая с небес. Считается, что омовение в его водах в Варанаси смывает грехи, а кремация и развеивание праха на гхатах города освобождает душу от круга перерождений (сансары).","Ритуальные омовения (снан), подношение цветов и масляных светильников (арти), набор воды для домашних алтарей, участие в вечерней церемонии Ганга-арати.","Купание в местах, отведённых под кремационные гхаты, без уважения к церемонии; мытьё с мылом и бытовой химией; ловля рыбы у ритуальных гхатов.",Варанаси — один из древнейших постоянно населённых городов мира и главный духовный центр индуизма на Ганге. Ежедневно на гхатах проходят сотни ритуалов.,,
zamzam,Колодец Замзам,Саудовская Аравия,"Мекка, двор Масджид аль-Харам, рядом с Каабой",21.4586,39.8261,10000000,"По преданию, источник открылся ангелом Джибрилем для Хаджар (Агари) и её сына Исмаила, страдавших от жажды в пустыне. Вода Замзама считается благословенной (баракя), паломники пьют её и увозят домой как подарок.","Пить воду бесплатно из установленных на территории мечети автоматов и ёмкостей, набирать в специальные канистры для провоза, использовать для омовения (вуду).","Купаться в колодце (доступ к самому колодцу закрыт для посетителей), коммерческая перепродажа воды Замзам, вывоз в неограниченных объёмах сверх норм, установленных авиакомпаниями и властями.",Колодец действует более 4000 лет и не пересыхал даже при интенсивном заборе воды миллионами паломников во время хаджа и умры.,,
yardenit,Ярденит на реке Иордан,Израиль,"Ярденит, южная оконечность Галилейского моря (озера Кинерет)",32.7167,35.5747,500000,Считается традиционным местом крещения Иисуса Христа Иоанном Крестителем. Христиане со всего мира приезжают сюда для обряда крещения или повторного погружения в воды Иордана как символа духовного обновления.,"Крещение и погружение в специально оборудованных купелях со ступенями и поручнями, покупка и использование белых крестильных рубах, фото- и видеосъёмка.","Погружение вне размеченной и охраняемой зоны, купание с мылом и шампунями, заход в воду без сопровождающего в дни повышенного течения.","Ярденит — благоустроенный паломнический комплекс, ежегодно здесь проходят крещение тысячи паломников из разных христианских конфессий.",,
amrit-sarovar,Амрит Саровар у Золотого храма,Индия,"Золотой храм (Хармандир Сахиб), Амритсар, штат Пенджаб",31.62,74.8765,8000000,"Название города Амритсар переводится как «озеро нектара бессмертия». Сикхи верят, что омовение в водах Амрит Саровар очищает душу и укрепляет связь с учением гуру; сам храм построен на уровне воды в знак смирения.","Омовение в отведённых ступенях вокруг водоёма, покрыв голову; питьё воды прасада, участие в бесплатной общей трапезе (лангар) при храме.","Вход на территорию без покрытой головы и без разувания, купание в уличной одежде с обувью, курение и алкоголь на территории комплекса, съёмка людей во время молитвы без разрешения.","Хармандир Сахиб — главная святыня сикхизма, окружённая рукотворным водоёмом, выкопанным в XVI веке по указанию третьего сикхского гуру.",,
chalice-well,Чаша Грааля (Красный источник),Англия,"Гластонбери, графство Сомерсет, у подножия Гластонбери-Тор",51.1447,-2.7118,100000,"Легенды связывают источник с Иосифом Аримафейским, который, по преданию, привёз в Гластонбери чашу Грааля. Красноватый оттенок воды из-за оксида железа трактуется мистически как «кровь земли»; место считается точкой силы и почитается как язычниками, так и христианами.","Пить и набирать воду из питьевого крана у входа, медитировать в саду источника, оставлять символические подношения в отведённой зоне (ленты, камни).","Купаться в самом колодце (он декоративно закрыт крышкой с символом Vesica Piscis), рвать растения в саду, находиться на территории вне часов работы.",Сад Chalice Well — охраняемый природный и исторический памятник; источник не пересыхал как минимум 2000 лет и сохраняет постоянную температуру круглый год.,,
manasarovar,Озеро Манасаровар,Тибет (КНР),"Юго-запад Тибетского нагорья, у подножия горы Кайлас",30.6586,81.4522,30000,"В индуизме озеро считается воплощением чистоты сознания, созданным богом Брахмой; в буддизме и бон почитается как место силы рядом со священной горой Кайлас. Считается, что купание смывает грехи многих жизней, а вода дарует долголетие тем, кто её выпьет.","Ритуальное омовение по колено в отведённых местах у берега, обход озера (кора) по часовой стрелке, набор воды в небольшие сосуды.","Заплывать вглубь озера, ловить рыбу, оставлять мусор на берегу, разводить костры на охраняемой прибрежной территории.","Манасаровар — одно из самых высокогорных пресных озёр мира (около 4590 м), паломничество к нему считается одним из труднейших и самых почитаемых маршрутов Азии.",,
tirta-empul,Тирта-Эмпул,Индонезия,"деревня Тампаксиринг, округ Гианьяр, остров Бали",-8.4159,115.3162,1000000,"По балийской легенде, бог Индра пробил копьём землю, чтобы создать амриту — эликсир бессмертия, и оживить войско, отравленное демоном Маявой. Балийские индуисты верят, что поочерёдное омовение под каждой из священных струй смывает духовную скверну — обряд называется мелукат.","Ритуальное омовение (мелукат) под струями в специальной одежде (саронг), молитва с подношениями (кананг сари), фотосъёмка с уважением к ритуалу.","Входить в комплекс без саронга, совершать омовение во время менструации (по местным поверьям), заходить в бассейн, исторически предназначенный для королевской семьи, без отдельного разрешения.",Храмовый комплекс Тирта-Эмпул построен в 926 году и остаётся действующим индуистским святилищем; рядом на холме расположена президентская резиденция Индонезии — соседство подчёркивает статус источника.,,
pushkar-lake,Озеро Пушкар,Индия,"город Пушкар, штат Раджастхан",26.4897,74.5511,300000,"По легенде, озеро возникло там, где бог Брахма уронил цветок лотоса, выбирая место для ягьи. Пушкар — один из немногих городов мира с действующим храмом Брахмы, а омовение в озере в дни полнолуния Картика считается избавляющим от грехов.","Омовение на 52 гхатах озера, подношение цветов и кормление священных рыб и черепах, посещение храма Брахмы после ритуального омовения.","Употребление мяса, яиц и алкоголя в черте города (официальный запрет), купание в приватных гхатах без разрешения, ловля рыбы в озере.","Ежегодно в ноябре в Пушкаре проходит знаменитая верблюжья ярмарка, совпадающая по времени с религиозными омовениями в озере.",,
hemkund-sahib,Хемкунд-Сахиб,Индия,"Гималаи, штат Уттаракханд, высота около 4300 м",30.6969,79.6047,150000,"Сикхи почитают это ледниковое озеро как место, где, согласно «Дасам Грантх», десятый гуру Гобинд Сингх медитировал в прошлом воплощении. Название означает «озеро льда»; вода считается очищающей дух паломника.","Омовение у берега в специально огороженной зоне, посещение гурдвары на берегу озера, чтение молитв.","Заплывать в открытую воду озера (температура около 0°C, это опасно), оставлять мусор на маршруте и берегу, разводить костры на территории.","Добраться до Хемкунд-Сахиб можно только пешком, маршрут — около 6 км в гору; сезон посещения короткий, с конца мая по октябрь, из-за снега.",,
lake-titicaca,Озеро Титикака,Перу / Боливия,"плоскогорье Альтиплано на границе Перу и Боливии, высота около 3812 м",-15.9254,-69.3354,700000,"Инки верили, что озеро — место рождения солнечного бога Инти и его детей, Манко Капака и Мамы Окльо, вышедших из вод озера, чтобы основать цивилизацию. Для народов аймара и кечуа озеро остаётся живым священным существом («Мама Кота»).","Посещение плавучих островов Урос и ритуальных мест на острове Солнца, лодочные экскурсии, подношения озеру в сопровождении местных проводников.","Загрязнение воды, самостоятельное проведение ритуалов без местного проводника на священных участках острова Солнца, вылов рыбы вне разрешённых зон.",Титикака — крупнейшее в мире судоходное высокогорное озеро; на нём до сих пор живут общины на рукотворных островах из тростника тотора.,,
roman-baths-bath,Римские термы Aquae Sulis,Великобритания,"город Бат, графство Сомерсет",51.3814,-2.3591,1300000,"Кельты почитали горячий источник как святилище богини Сулис, отвечающей за исцеление и правосудие; римляне отождествили её с Минервой и построили храмовый комплекс Aquae Sulis. Считалось, что вода передаёт богине просьбы и проклятия — сохранились свинцовые таблички с такими посланиями.","Осмотр археологического комплекса и музея, дегустация воды из питьевого фонтана в Pump Room по традиции, ведущейся с XVIII века, фотосъёмка.","Купаться непосредственно в древних римских бассейнах (это музейный объект, закрытый для купания), трогать археологические конструкции.","Источник даёт около 1,17 миллиона литров горячей воды в сутки при температуре 46°C и остаётся геотермально активным более 10 000 лет.",,
st-winefrides-well,Колодец Святой Уинифред,Великобритания,"город Холиуэлл, графство Флинтшир, Уэльс",53.2649,-3.2176,30000,"По легенде, источник забил на месте, где в VII веке была обезглавлена святая Уинифред, а затем чудесно воскрешена своим дядей святым Бейно. Со Средних веков источник почитается как место исцеления и зовётся «Лурдом Уэльса».","Омовение в купальне под присмотром смотрителей часовни, набор воды, участие в ежегодных паломничествах в день памяти святой 22 июня.","Купание вне часов работы источника и без сопровождения (вода холодная, проточная), бросание монет и предметов в водоём вне отведённого места.","Это один из немногих источников Британии, где паломнические обряды не прерывались непрерывно с VII века, несмотря на Реформацию.",,
sangam-prayagraj,Сангам в Праяградже,Индия,"слияние рек Ганг, Ямуна и мифической Сарасвати, город Праяградж (Аллахабад)",25.4305,81.8845,30000000,"Место слияния трёх рек считается одним из самых благих для омовения в индуизме — по преданию, здесь упали капли амриты во время битвы богов и демонов. Раз в 12 лет здесь проходит Кумбх-мела — крупнейшее религиозное собрание людей на Земле.","Ритуальное омовение на оборудованных гхатах и с лодок в точке слияния, подношения рекам, участие в утренних и вечерних арати.","Купание вне огороженных зон безопасности во время Кумбха-мелы, заход в воду в часы пиковой давки без сопровождения, загрязнение реки бытовыми отходами.",Кумбх-мела в Праяградже в 2019 году собрала около 240 миллионов посетителей за полтора месяца — крупнейшее единовременное собрание людей в истории человечества.,,
chashma-ayub,Чашма-Аюб,Узбекистан,"у Талипачских ворот, старый город Бухары",39.7754,64.4145,200000,"По преданию, во время сильной засухи пророк Айюб (библейский Иов) ударил посохом о землю — и на этом месте забил родник с чистейшей водой, спасший город от жажды. Мусульмане и бухарские евреи почитают источник совместно; вода считается целебной, особенно для глаз, и способной исполнять желания.","Набирать воду из источника в бутылки, заходить в мавзолей с покрытой головой, посещать музей воды, расположенный в том же здании.","Купаться непосредственно в источнике — это не купальня, а почитаемый колодец под охраной, — а также вести себя неподобающе в зале с источником.","Мавзолей возведён в 1379-1380 годах мастерами из Хорезма; сегодня в здании работает Музей воды, посвящённый в том числе трагедии Аральского моря.",,
chashma-nurata,Источник Чашма в Нурате,Узбекистан,"город Нурата, Навоийская область, у подножия крепости Нур",40.5678,65.6892,150000,"Легенда связывает источник с крепостью Нур, которую, по преданию, велел построить Александр Македонский. Живущие в источнике священные рыбки-маринки считаются неприкосновенными: их нельзя ловить и есть, а по поведению рыб паломники гадают об исполнении желаний.","Кормить священных рыб, набирать воду для питья (постоянная температура источника — около 19,5°C), посещать баню и мечеть при комплексе.","Ловить или причинять вред рыбам-маринкам, купаться в самом источнике вне отведённой купальни, мусорить на территории комплекса.","Вода источника содержит около 15 микроэлементов, включая следы золота, серебра, йода и брома; рядом сохранились наскальные рисунки и руины крепости Нур.",,
hazrati-dovud,Пещера Хазрати Довуд,Узбекистан,"Нурабадский район, Самаркандская область, у кишлаков Аксай и Мехнаткаш",39.2833,66.5333,60000,"По легенде, пророк Дауд (библейский царь Давид), спасаясь от преследователей, руками раздвинул скалу и укрылся в образовавшейся пещере; отпечатки его коленей и пальцев сохранились у входа. Дауд почитается в исламе, христианстве и иудаизме; влага, сочащаяся в глубине пещеры, считается целебной.","Подъём по каменной лестнице из более чем 2500 ступеней к пещере, сбор капель воды в её глубине, молитва у почитаемых отпечатков в камне.","Откалывать или уносить с собой фрагменты камня у святыни, шуметь и вести себя неуважительно рядом с местом молитвы паломников.","Пещера уходит вглубь горы примерно на 800 метров; подъём к ней и путь внутри считается непростым испытанием для паломника, а сама гора почитается людьми сразу нескольких религий.",,
kazanskiy-istochnik-diveevo,Казанский источник в Дивееве,Россия,"село Дивеево, за Голубиным оврагом, Нижегородская область",55.043,43.239,500000,"По преданию, на этом месте трижды являлись Ангелы с Казанской иконой Божией Матери, после чего забил родник. В 1939 году местная жительница обнаружила рядом с источником вмёрзшую в лёд старинную Казанскую икону. Паломники верят, что омовение в святом источнике исцеляет душевные и телесные недуги — традиция восходит к почитанию преподобного Серафима Саровского, благословившего Дивеевскую обитель.","Троекратное погружение с головой в купели с молитвой, набор воды в бутылки, посещение источника в любое время суток — купальни работают круглосуточно.","Купание в состоянии алкогольного опьянения, ныряние и плавание в купели (омовение — только погружение с головой), фото- и видеосъёмка внутри самой купели из уважения к другим паломникам.","Дивеево почитается в православной традиции как один из четырёх земных уделов Пресвятой Богородицы; вокруг Серафимо-Дивеевского монастыря действует несколько святых источников, Казанский считается древнейшим из них.",,
gremyachiy-klyuch,Гремячий ключ,Россия,"берег реки Вондиги у деревни Взгляднево, Сергиево-Посадский район, Московская область",56.3833,38.0333,300000,"По преданию, источник возник на пути преподобного Сергия Радонежского и его ученика: когда путников измучила жажда, Сергий ударил посохом о скалу, и из неё забила чистая вода. Считается, что разные струи водопада исцеляют разные недуги — паломники стараются набрать воду именно из «нужной» струи.","Омовение в одной из купелей комплекса, набор воды из источника, посещение деревянных храмов на территории.","Мытьё с мылом и шампунями в купелях, купание домашних животных, оставление мусора и стеклотары у водопада.","Водопад высотой около 20 метров на известняковом склоне — один из самых высоких в Подмосковье; вода источника насыщена радоном, температура держится около +6°C круглый год.",,
mys-burkhan-baikal,Мыс Бурхан (скала Шаманка),Россия,"остров Ольхон, озеро Байкал, Иркутская область",53.1892,107.3844,200000,"Буряты-шаманисты считают мыс одним из девяти святилищ Азии. По преданию, в пещере под скалой обитал дух — хозяин острова Ольхон, которому приносили жертвы; рядом в священной роще сжигали и хоронили шаманов. Байкал в целом почитается как живое, священное озеро со своим духом.","Подходить к мысу по деревянному настилу, повязывать ленты на священных столбах сэргэ поблизости с уважением к традиции, фотографировать скалу со смотровых точек.","Заходить внутрь пещеры под скалой — это категорически запрещено местной традицией, — а также шуметь, сквернословить и распивать алкоголь на мысе, разводить костры на его территории.","Мраморная скала Шаманка — визитная карточка Байкала и памятник природы государственного значения; исследователи региона в XVII-XIX веках отмечали, что ни одно другое место не вызывало у бурят такого благоговейного трепета.",,
arshan-buryatiya,Аршан,Россия,"посёлок Аршан, Тункинский район, Республика Бурятия, у подножия Восточных Саян",51.9158,102.4172,150000,"Слово «аршан» на бурятском означает «целебный источник» и восходит к санскритскому «расаяна» — «нектар богов». По буддийским поверьям, у каждого источника есть дух-хозяин, а вода дарует здоровье и долголетие. По легенде о «Чаше девственниц», окунувшаяся в неё невеста перед свадьбой наполняется здоровьем, красотой и любовью.","Питьё минеральной воды из питьевых бюветов, купание в оборудованных источниках и «Чаше девственниц», подношения на священных деревьях с лентами по местной традиции.","Мусорить и оставлять посторонние предметы у священных деревьев, бесконтрольно употреблять минеральную воду без учёта её минерализации — у источников разный состав и показания.","Курорт Аршан объединяет несколько минеральных источников, схожих по составу с кавказским нарзаном; в XIX веке тибетские ламы приезжали сюда собирать лекарственные травы для тибетской медицины.",,
zhirovichi,Источник в Жировичах,Беларусь,"агрогородок Жировичи, Слонимский район, Гродненская область",53.0208,25.3419,300000,"По преданию, в 1470 году пастухи увидели необычайный свет в ветвях лесной груши над ручьём и обнаружили там небольшую икону Божией Матери. Владелец земли Александр Солтан запер находку в ларец, но икона исчезла и вновь была найдена пастухами на том же месте — у подножия груши тогда же забил источник. В память об этом Солтан построил на месте явления храм.","Набор воды из источника, купание в оборудованной купальне на территории Свято-Успенского Жировичского монастыря, участие в праздничных богослужениях в день памяти явления иконы 20 мая.","Купание без нательного креста и в неподобающей одежде, шумное поведение на территории действующего мужского монастыря, фотосъёмка во время богослужений без разрешения.",Свято-Успенский Жировичский монастырь — одна из главных святынь Белорусской православной церкви и старейшая непрерывно действующая обитель на территории современной Беларуси.,,
krupitsy,Крупецкий источник,Беларусь,"урочище Крупцы, в черте города Минска",53.8567,27.6108,100000,"По преданию, в 1612 году на праздник Покрова Пресвятой Богородицы на этом источнике чудесным образом явилась икона Божией Матери, получившая имя Крупецкой. К источнику издавна стекались люди со слепотой и болезнями глаз в надежде на исцеление водой.","Набор воды из источника, посещение часовни на месте явления иконы, молитва об исцелении глазных недугов по многовековой традиции места.","Купание в источнике вне отведённой для этого купели, оставление мусора на территории урочища.","Некогда Крупцы находились в пяти верстах от Минска отдельным селом; сегодня урочище окружено городской застройкой, но источник и часовня остаются местом паломничества минчан.",,
golubaya-krinitsa,Голубая криница,Беларусь,"урочище у деревни Симоновичи, Славгородский район, Могилёвская область",53.4497,30.9967,150000,"Место окутано преданиями ещё дохристианских времён — от древних легенд племени радимичей до сказания о красавице Екатерине, в честь которой криница будто бы стала голубой. Сегодня источник почитается и как памятник природы, и как место силы, куда едут за исцелением и душевным покоем.","Купание в естественной родниковой «ванне», набор воды, фотосъёмка необычного бирюзового цвета воды с деревянных мостков.","Заходить в воду с мылом и моющими средствами, нарушать растительность вокруг гидрологического памятника природы, оставлять мусор на охраняемой территории.","Голубая криница — самый мощный восходящий родник Беларуси и всей Восточно-Европейской равнины: с глубины более 100 метров поднимается около 5000 кубометров воды в сутки, окрашенной в необычный молочно-бирюзовый оттенок.",,
pustynki,Источник Пустынского монастыря,Беларусь,"деревня Пустынки, на правом берегу реки Ослянки, Мстиславский район, Могилёвская область",54.0561,31.6167,40000,"По преданию, ослепшему мстиславскому князю Симеону во сне явился старец и велел омыть глаза водой лесного источника. Умывшись, князь прозрел и увидел в ветвях липы над источником икону Божией Матери, названную Патриаршей. В благодарность за исцеление князь в 1380 году основал на этом месте монастырь.","Набор воды из восстановленного источника, омовение в купели рядом с храмом Рождества Пресвятой Богородицы, посещение списка Патриаршей-Пустынской иконы.","Купание без сопровождения в разрушенных исторических постройках монастыря (часть комплекса всё ещё восстанавливается), самовольные раскопки и сбор находок на территории.","Пустынский Свято-Успенский монастырь — одна из старейших обителей Беларуси; подлинная чудотворная икона была утрачена в советское время, но её точный список хранится в восстановленном храме.",,
yutkovskie-krinitsy,Юцковские криницы,Беларусь,"агрогородок Юцки, Дзержинский район, Минская область",53.7203,27.0388,50000,"С этим глубоким лесным каньоном связано несколько преданий — о церкви, ушедшей под землю, и о несчастной княжне, утопившейся в колодце вместе со своими сокровищами (о ней писал белорусский поэт Карусь Каганец). За неизменно ледяную воду источники в народе прозвали «Студенец».","Спуск к родникам по оборудованной лестнице, отдых на скамье со столиком, фотосъёмка природных мини-водопадов на склонах.","Купание без подготовки в ледяной воде (постоянная температура около 7,5°C), повреждение растительности на склонах каньона, оставление мусора на охраняемой территории.","Юцковские криницы объявлены памятником природы республиканского значения; родниковые струи стекают по каменистому дну каньона в речку Славку, вода щелочная, с pH около 8,9.",,
paraskeva-pyatnitsa-vitebsk,Источник Параскевы Пятницы,Беларусь,"город Витебск, улица 39-й Армии, у храма священномученика Фаддея Тверского",55.175,30.195,30000,"С XIX века в последнюю пятницу перед праздником святых апостолов Петра и Павла от Маркова монастыря к источнику совершался крестный ход, завершавшийся водосвятным молебном. Среди верующих считается, что вода источника облегчает болезни ног.","Набор воды, омовение в часовне-купальне рядом с источником, участие в ежегодном крестном ходе и водосвятном молебне.","Купание вне часовни-купальни (родник каптирован и выведен трубой именно в купель), замусоривание прилегающей территории.","Источник находится в промышленной зоне города, но остаётся ухоженным местом паломничества; вода подведена трубой прямо в часовню-купель рядом с храмом.",,
rodnik-kipyatok-yasenets,Родник «Кипяток»,Беларусь,"деревня Ясенец, Барановичский район, Брестская область",53.35483,26.053608,40000,"Официально это Ясенецкий родник, но в народе его называют «Кипяток» — бьющие со дна озерца пузырьки воздуха заставляют воду бурлить, будто она кипит, хотя температура держится всего 6-9°C круглый год. Место считается одним из самых загадочных природных чудес Брестской области, его иногда ошибочно называют гейзером.","Наблюдение и фотосъёмка бурлящей воды, прогулка по оборудованным дорожкам вокруг озерца.","Купание без подготовки в холодной воде, заезд к роднику на автомобиле в дождливую погоду (песчаная дорога сильно размывается), оставление мусора на территории памятника природы.",Родник объявлен гидрологическим памятником природы местного значения решением райисполкома в 2010 году; вода не замерзает зимой и не нагревается летом.,,
serafim-sarovsky-luzhesno,Источник преподобного Серафима Саровского в Лужесно,Беларусь,"деревня Лужесно, Витебский район, у Свято-Вознесенской церкви",55.2306,30.0894,20000,"Источник почитается жителями Витебска и окрестных деревень как один из целебных родников региона: считается, что его вода облегчает течение различных заболеваний. Расположен рядом со Свято-Вознесенской церковью, что делает набор воды частью посещения храма.","Набор воды из обустроенного источника, посещение Свято-Вознесенской церкви по соседству.","Замусоривание территории источника, шумное поведение рядом с местом, почитаемым местными жителями.","Один из нескольких благоустроенных святых источников Витебской области, любимый местными жителями и известный далеко за пределами деревни Лужесно.",,
aulie-bastau,Аулие-Бастау,Казахстан,"Жамбылский район, Жамбылская область, в 35 км от Тараза",42.83,71.1,80000,"По легенде, именно у этого родника змея укусила Айша-биби — героиню казахского предания о трагической любви, чей мавзолей находится неподалёку. Рядом расположена могила святого старца, давшего роднику имя. Целебные свойства воды заметили чабаны: больные овцы, ночевавшие на берегу, необъяснимо выздоравливали.","Купание в источнике, особенно на православный праздник Крещения в январе, набор воды, посещение городища Аулие-Бастау VI-X веков и могилы святого старца поблизости.","Купание в загрязнённой одежде, повреждение остатков древнего городища, нарушение тишины у почитаемой могилы.",Вода в роднике круглый год сохраняет температуру около +16°C; место одинаково почитается казахстанцами и паломниками из соседнего Кыргызстана.,,
svyatoy-klyuch-semey,Святой Ключ,Казахстан,"город Семей (Семипалатинск), Восточно-Казахстанская область",50.3667,80.2333,50000,"В 1740 году на тополе у источника чудесным образом была обнаружена пропавшая из крепостного храма Семипалатинско-Абалацкая икона Божией Матери. Считалось, что кора того тополя — не сохранившегося до наших дней, паломники буквально сгрызли её на протяжении веков — исцеляла и исполняла желания; сегодня та же сила приписывается воде источника.","Набор воды из источника, посещение восстановленного женского монастыря на месте явления иконы, участие в богослужениях.","Обдирать кору или ветви деревьев у источника — именно так была уничтожена историческая святыня, — купание вне отведённых мест.",Свято-Ключевский Знаменский монастырь основан в 1903 году на месте явления иконы; сегодня это один из главных православных центров паломничества Восточного Казахстана.,,
beket-ata,Родники у мечети Бекет-Ата,Казахстан,"урочище Огланды, плато Устюрт, Бейнеуский район, Мангистауская область",43.9628,54.7484,100000,"Бекет-ата (1750-1813) — суфийский святой, батыр и просветитель рода Адай, построивший четыре мечети, последней и самой значимой из которых стала подземная мечеть в урочище Огланды. По легенде, воду из родника рядом с мечетью брал сам святой; вода в пустынном плато Устюрт считается благословенной именно потому, что прошла через его руки.","Набор питьевой воды из родника, посещение подземной мечети и могилы Бекет-ата, ночёвка в гостевом доме при комплексе для паломников, прибывших издалека.","Загрязнение родника — единственного источника пресной воды на многие километры пустынного плато, — неуважительное поведение в подземных помещениях мечети.",Мечеть вырублена в скале и состоит из пяти округлых камер с михрабной нишей; это одно из самых труднодоступных и при этом самых посещаемых святых мест Казахстана — путь к нему лежит через безводную пустыню.,,
konyr-aulie,Пещера Коныр-Аулие,Казахстан,"гора Аккарагай, Баянаульский национальный парк, в 17 км от села Баянаул, Абайская область",50.7419,75.6392,60000,"По одной из легенд, во время всемирного потопа Всевышний спас жизнь трём братьям — Коныру, Кырану и Кулану, привязавшим брёвна к Ноеву ковчегу; бревно Коныра остановилось у входа в эту пещеру, в его память озеро и назвали. Есть также предание о скрытом подземном течении, которое будто бы связывает озеро прямо с Меккой.","Спуск в пещеру с сопровождающим, набор ледяной воды из подземного озера, произнесение молитвы или желания у воды по местной традиции.","Купание в озере (вода держится на уровне +4°C, это не купальня), самостоятельный спуск без опытного проводника — пещера технически сложная, — оставление мусора внутри.","Пещера длиной около 115-120 метров ведёт к подземному озеру размером примерно 8-17 на 12-15 метров и глубиной до 5 метров; по преданиям, здесь залечивали раны воины прошлого.",,
khoja-daniyar,Источник Ходжи Данияра,Узбекистан,"у реки Сиаб, среди холмов Афрасиаба, Самарканд",39.6597,66.9847,200000,"Мусульмане почитают похороненного здесь как Ходжу Данияра, иудеи — как Даниэля, христиане — как пророка Даниила: редкий случай, когда одну святыню почитают сразу три религии. По легенде, лошадь, везшая мощи, остановилась на этом месте как вкопанная, и когда она ударила копытом о землю, из-под него забил целебный источник.","Набор воды из источника, посещение мавзолея длиной 18 метров (по поверьям, останки продолжают расти), молитва независимо от вероисповедания.","Шумные споры о религиозной принадлежности святыни на территории комплекса, купание непосредственно в источнике — вода предназначена для набора, а не для омовения.","По преданию, мощи привёз в Самарканд Амир Темур после похода на Ближний Восток; мавзолей остаётся одним из немногих мест в мире, где рядом молятся мусульмане, христиане и иудеи.",,
kadamzhobuva-besh-barmak,Кадамджобува (Пять пальцев),Узбекистан,"близ посёлка Бурчмулла, Бостанлыкский район, Ташкентская область",41.6206,70.0064,30000,"По легенде, пророк Идрис, придя в эти горы и захотев пить, обратился с молитвой к Богу — и из отпечатка его пяти пальцев забило пять родников с мягкой, очень чистой водой. Место получило название Кадамджобува — «след деда» — в честь этого чуда.","Набор воды из любого из пяти родников, отдых в тени вековых деревьев рядом с источниками, фотосъёмка горного пейзажа.","Купание в самих родниках — это питьевые источники, не купальня, — оставление мусора в горной зоне отдыха.","Источники расположены в живописном ущелье Чаткальских гор рядом с посёлком Бурчмулла, популярным местом отдыха жителей Ташкента.",,
sultan-uvays-bobo,Святилище Султан Увайс Бобо,Узбекистан,"южный склон хребта Султануиздаг, в 35 км от города Беруни, Республика Каракалпакстан",41.85,60.55,40000,"Комплекс посвящён суфийскому святому Увайсу аль-Карани, современнику пророка Мухаммада, лично с ним не встречавшемуся, но глубоко им почитаемому. При комплексе действует «святой пруд» со священными рыбами: умерших от старости или засухи рыб заворачивали в саван и хоронили с заупокойной молитвой — возможный отголосок древнего культа почитания воды.","Набор воды из источника при комплексе, посещение мавзолея и «святого пруда», кормление священных рыб.","Ловля и причинение вреда рыбам святого пруда, купание в самом пруду, неуважительное поведение на территории некрополя.","Святилище основано в начале VIII века, вскоре после арабских завоеваний региона, и было полностью разрушено при нашествии Чингисхана в XIII веке; сегодня комплекс восстановлен, при нём действуют мечеть и инфраструктура для паломников.",,
sad-ibn-abu-vaqqos,Источник Саъд ибн Абу Ваккоса,Узбекистан,"посёлок Авлиё, Галлааральский район, Джизакская область",40.0806,67.4292,50000,"Саъд ибн Абу Ваккас — один из ближайших сподвижников пророка Мухаммада, принявший ислам одним из первых, в 17 лет. По местному преданию, у его мавзолея сохранился водоём с редкими охраняемыми рыбками, а вода в нём считается благословенной по молитвам сподвижника.","Набор воды из источника при мавзолее, прогулка по зелёному парку комплекса, молитва у святыни.","Ловля рыбы в охраняемом водоёме, купание в источнике, разведение костров на территории зоны отдыха.",Мемориальный комплекс расположен в посёлке Авлиё и остаётся одной из наиболее почитаемых мусульманских святынь Джизакской области.,,
ali-buloq,Али Булок,Узбекистан,окраина Самарканда,39.6,66.95,20000,"По местному преданию, источник назван в честь халифа Али — четвёртого праведного халифа ислама: вода будто бы забила из земли от удара копыта его коня. Похожие предания о «следе коня Али» встречаются в разных уголках мусульманского мира, и самаркандская версия — часть этой устной традиции.","Набор воды из источника, посещение места паломниками, тихая молитва.","Купание в источнике, замусоривание прилегающей территории.","Небольшое почитаемое место на окраине Самарканда, менее известное туристам, чем крупные городские святыни, но регулярно посещаемое местными жителями.",,
masjid-ali-parkent,Масжид Али,Узбекистан,"горы близ Паркента, Паркентский район, Ташкентская область",41.35,69.75,25000,"По преданию, здесь спустился с коня по имени Дулдул халиф Али, оставив на этом месте свой меч или посох — после чего выросла вековая чинара и забил родник. Место с тех пор считается святым среди жителей окрестных гор.","Набор воды из источника, отдых в тени многовековой чинары, тихая молитва.","Повреждение священного дерева — обрубание веток, вырезание надписей на стволе, — купание в источнике.","Одно из многих почитаемых в Узбекистане мест, где древняя чинара и родник образуют единый природно-религиозный памятник.",,
bibi-ona-kaynar-buloq,Биби Она-Кайнар булок,Узбекистан,"городище Бибионамазор, Чустский район, Наманганская область",41.0206,71.2172,60000,"Считается, что Биби Она была принцессой, чьё имя носит источник; бьющая ключом («кайнар») вода обладает целебными свойствами. Паломники приезжают со всей страны, чтобы вылечить болезни глаз и избавиться от бесплодия.","Набор воды из источника, посещение древнего городища эпохи поздней бронзы рядом с источником.","Раскопки и вынос находок с территории археологического памятника, купание в источнике.","Источник расположен на территории городища Бибионамазор площадью около 4,5 гектаров; археологические находки подтверждают древность этого места.",,
bibi-naima-ona,Биби Наима Она,Узбекистан,"у усыпальницы Биби Наима Она, Чартакский район, Наманганская область",41.0206,71.8794,35000,"По преданию, когда скончалась мать святого Султана Увайса Карани, он долго не мог найти воду для её омовения. Тогда он обратился к Всевышнему с молитвой и ударил рукой по сухой земле — в тот же миг забил источник. На дне водоёма можно разглядеть очертания, похожие на гигантскую ладонь.","Набор воды из водоёма, посещение усыпальницы XII-XIII веков рядом с источником.","Купание в водоёме, повреждение исторической усыпальницы.","Памятник датируется XII-XIII веками; вода в водоёме остаётся кристально чистой, а сам источник — одна из главных святынь Чартакского района.",,
svyataya-nina-bodbe,Источник Святой Нины,Грузия,"у подножия горы, ниже монастыря Бодбе, близ города Сигнахи, Кахетия",41.6083,45.9139,200000,"По преданию, царь Мириан, обратившись в христианство, увидел во сне четыре звезды, разлетевшиеся к четырём горам Грузии — один из лучей осветил место близ Бодбе, где позже поселилась и была похоронена святая равноапостольная Нина, просветительница Грузии. У подножия горы, там, где она молилась, забил родник; вода считается целебной для тех, кто просит исцеления с искренним сердцем.","Спуск по тропе длиной около 3 км и 643 ступеням к источнику, омовение в крытой купели в белом хитоне (продаётся на месте), набор воды с собой.","Купание в обычной одежде без хитона, фотосъёмка внутри купели во время омовения других паломников.","Бодбийский монастырь — один из главных центров паломничества в Грузии; здесь покоятся мощи святой Нины, скончавшейся в этих местах в 347 году.",,
mama-daviti-mtatsminda,Источник Мама-Давити,Грузия,"гора Мтацминда, у церкви святого Давида Гареджийского, Тбилиси",41.6958,44.7861,100000,"По легенде, противники христианства ложно обвинили преподобного Давида Гареджийского в грехе, но на суде клевета была раскрыта. В благодарность Давид испросил у Бога источник целебной воды, способной даровать бесплодным женщинам радость материнства, — на склоне горы Мтацминда забил родник.","Набор воды из резервуара у источника, посещение церкви Мама-Давити и участие в ежегодном празднике Мамадавитоба в первый четверг после Вознесения, когда на гору поднимается особенно много паломниц.","Замусоривание территории у храма и источника, неуважительное поведение во время праздничных богослужений.","Гора Мтацминда («Святая гора») получила имя в честь святого Давида, жившего здесь отшельником в VI веке; сегодня на вершине также находится Пантеон грузинских писателей и деятелей культуры.",,
jvari-spring-mtskheta,Источник монастыря Джвари,Грузия,"гора у слияния рек Кура и Арагви, монастырь Джвари, Мцхета",41.8386,44.7167,80000,"Джвари — «монастырь Креста» — стоит на месте, где в IV веке святая равноапостольная Нина установила крест в знак победы христианства. На полпути к вершине по крутой тропе живёт монах-отшельник, который рассказывает паломникам предания о святой Нине и предлагает набрать воды из небольшого источника, называя его целебным.","Спуск по пешеходной тропе от монастыря к источнику, беседа с отшельником и набор воды, тихая молитва у источника.","Шумное поведение на тропе и у кельи отшельника, повреждение природной тропы к источнику.","Главный храм Джвари возведён на рубеже VI-VII веков на месте, почитаемом с IV века; в 1994 году монастырь включён в список Всемирного наследия ЮНЕСКО вместе с историческими памятниками Мцхеты.",,
shiomgvime-spring,Источник монастыря Шиомгвиме,Грузия,"известняковое ущелье на берегу реки Мтквари, монастырь Шиомгвиме, близ Мцхеты",41.8481,44.6544,40000,"Преподобный Шио, один из тринадцати ассирийских отцов, пришедших в Грузию проповедовать христианство, поселился отшельником в тесной пещере VI века, питаясь травой и водой, сочившейся из скалы. Через сорок дней сурового подвижничества родник в скале, по преданию, стал чище и полноводнее — знак божественной милости; тогда же голубь, ежедневно приносивший ему хлеб, привёл к пещере царедворца Евагрия, который и обнаружил святого.","Набор воды из источника на территории монастыря, посещение пещеры святого Шио, участие в богослужениях действующей мужской обители.","Купание в источнике — вода предназначена для набора, а не для омовения, — шумное поведение на территории затворнического монастыря.","К концу VI века вокруг пещеры Шио выросла обитель, в которой жили около двух тысяч монахов; позже, в 1202 году, для монастыря был построен двухкилометровый водопровод из соседнего села Схалтба.",,
zeleny-monastyr-borjomi,Святой источник Зелёного монастыря,Грузия,"в 7 км от Боржоми по дороге на Ахалцихе, Самцхе-Джавахети",41.79,43.34,60000,"Зелёный монастырь основан в IX веке учениками грузинского старца Григория Хандзтийского и посвящён Георгию Победоносцу, небесному покровителю страны. За базиликой скрыт источник со святой водой, к которому не иссякает поток паломников, — считается, что вода из него освящена благодатью, хранимой обителью веками.","Набор воды из источника за базиликой, осмотр монастырских построек из редкого зелёного гранита, тихая молитва.","Купание в источнике, повреждение исторической кладки монастыря.",Название монастырь получил из-за окружающего его густого леса и стен из редкого зелёного гранита; восстановительные работы после разорений начались в XII-XIII веках при грузинском царе Георгии Блистательном.,,
sapara-spring,Источник монастыря Сапара,Грузия,"горное ущелье в 10 км от Ахалцихе, Самцхе-Джавахети",41.58,43.03,30000,"Монастырь Сапара, известный с IX-X веков, был духовным центром рода князей Джакели: правитель Саргис Джакели на старости лет сам принял здесь постриг под именем Саба. Источник на территории обители веками снабжал монахов питьевой водой и почитается как часть намоленного места, пережившего османскую оккупацию и советское закрытие.","Набор питьевой воды из источника на территории монастыря, осмотр фресок XIV века в главном храме.","Купание в источнике, фотосъёмка фресок со вспышкой — это повреждает красочный слой.","Монастырь пережил запустение во время османской экспансии в конце XVI века, заселение русскими монахами после присоединения Грузии к России и закрытие в советское время; сегодня обитель полностью возрождена.",,
serafim-sarovsky-tsyganovka,Источник прп. Серафима Саровского в Цыгановке,Россия,"пос. Цыгановка, лесной массив у Сарова, Нижегородская область",54.96,43.38,100000,"По преданию, источник ископан самим преподобным Серафимом Саровским. Долгие десятилетия он находился на закрытой территории ЗАТО Саров и был недоступен паломникам; сейчас открыт для посещения и остаётся одним из главных мест, связанных с памятью святого, наряду с источниками Дивеевской обители.","Омовение в оборудованной купели, набор воды, посещение источника в рамках паломнических туров по Серафимовским местам.","Купание в состоянии алкогольного опьянения, оставление мусора в лесном массиве вокруг источника.","Источник расположен в лесу у бывшего посёлка Цыгановка, недалеко от Сарова — города, закрытого для свободного въезда как ядерный центр России; паломнические группы посещают источник по согласованным маршрутам.",,
efrosiniya-kolyupanovskaya,Источник блаженной Ефросинии Колюпановской,Россия,"село Колюпаново, Тульская область",54.6,36.4667,80000,"По преданию, источник ископан самой блаженной Евфросинией Колюпановской в XIX веке. При Свято-Казанском женском монастыре, устроенном на месте её подвигов, сохранились многочисленные свидетельства паломников об исцелениях после купания в источнике.","Омовение в купальне при монастыре, набор воды, посещение могилы блаженной Евфросинии на территории обители.","Купание без соблюдения очереди в дни массовых паломничеств, фотосъёмка внутри купели без разрешения.",Свято-Казанский женский монастырь в Колюпанове — место регулярных паломничеств; источник остаётся действующим и открытым круглый год.,,
savva-storozhevsky-zvenigorod,Колодец прп. Саввы Сторожевского,Россия,"Саввино-Сторожевский монастырь, у подножия горы Сторожи, город Звенигород, Московская область",55.7292,36.8497,150000,"По преданию, колодец ископан самим преподобным Саввой Сторожевским, учеником Сергия Радонежского, в XV веке. Над колодцем устроена часовня, а ниже по склону горы — купальня, куда спускаются за омовением.","Набор воды из-под часовни, омовение в купальне у подножия горы, посещение действующего мужского монастыря.","Купание в верхнем колодце под часовней — он предназначен только для набора воды, омовение возможно только в нижней купели, — неуважительное поведение на территории монастыря.",Саввино-Сторожевский монастырь основан в 1398 году и остаётся одной из крупнейших действующих обителей Подмосковья; колодец и купальня — часть традиционного паломнического маршрута.,,
okovetsky-istochnik,Оковецкий источник,Россия,"село Оковцы, Селижаровский район, Тверская область",56.9667,33.05,30000,"Источник почитается в связи с историческим явлением Оковецко-Ржевских икон святителя Николая и Креста Господня в 1539 году, зафиксированным в летописях, — один из древнейших документально подтверждённых случаев обретения чудотворных образов на Тверской земле.","Набор воды из источника, посещение места исторического явления икон, участие в ежегодных крестных ходах в память о событии.","Купание вне отведённых мест, повреждение памятного креста и часовни на месте явления икон.","Оковецкий источник — один из древнейших чтимых источников Тверской земли, известный с XVI века по летописным свидетельствам.",,
dymskoe-ozero,Святое Дымское озеро,Россия,"Антониево-Дымский монастырь, деревня Красный Броневик, Бокситогорский район, Ленинградская область",59.95,34.1667,40000,"Озеро связано с памятью преподобного Антония Дымского (XIII век), который, по преданию, стоял на камне посреди озера для уединённой молитвы — вплоть до того, что вмерзал в лёд зимой. На праздник Крещения Господня в озере совершается массовое погружение паломников.","Крещенское погружение в прорубь на озере, посещение монастыря и поклонение камню преподобного Антония, набор воды.","Купание в озере вне организованных крещенских купаний без подготовки и медицинского допуска, повреждение исторического камня преподобного Антония.",Антониево-Дымский монастырь основан самим преподобным Антонием в XIII веке; озеро и монастырь пережили закрытие в советское время и были возрождены в 1990-х годах.,,
simeon-verhotursky-merkushino,Источник праведного Симеона Верхотурского,Россия,"село Меркушино, Свердловская область",58.9833,62.9333,60000,"Источник расположен при храме на месте первого захоронения праведного Симеона Верхотурского — покровителя Урала и Сибири, жившего в XVII веке. Считается одним из главных источников почитания святого наряду со Свято-Николаевским монастырём в Верхотурье, куда позже были перенесены его мощи.","Набор воды из источника, посещение храма на месте первого захоронения святого, участие в паломнических маршрутах по Симеоновской тропе от Меркушино до Верхотурья.","Купание вне отведённых для этого мест, нарушение тишины на территории мемориального храмового комплекса.","Меркушино и Верхотурье связаны традиционным пешим паломническим маршрутом («Симеоновой тропой») протяжённостью около 60 км, популярным среди паломников со всей России.",,
chimeevo-istochnik,Святой источник в селе Чимеево,Россия,"село Чимеево, Казанский мужской монастырь, на берегу реки Нияп, Курганская область",55.5,65.0833,100000,Источник расположен рядом с местом явления чудотворной Казанско-Чимеевской иконы Божией Матери в XVII веке — одной из самых почитаемых святынь Зауралья. Икона считается покровительницей путешествующих и страдающих от различных недугов.,"Набор воды из источника, омовение в купели при монастыре, поклонение чудотворной иконе в храме.","Купание в реке Нияп вне оборудованной купели, замусоривание территории монастыря.","Казанский мужской монастырь в Чимеево — один из самых посещаемых паломнических центров Зауралья, куда приезжают со всей Западной Сибири и Урала.",,
avraamiy-bolgarsky-bolgar,Источник мученика Авраамия Болгарского,Россия,"Болгарское городище, музей-заповедник «Болгар», Республика Татарстан",54.9836,49.0489,200000,"Источник связан с памятью мученика Авраамия Болгарского — волжско-булгарского купца, принявшего христианство и пострадавшего за веру в XIII веке. Это один из древнейших по духовной генеалогии источников Поволжья, отражающий многовековое соседство христианской и мусульманской традиций в этих местах.","Набор воды из источника, посещение историко-археологического музея-заповедника «Болгар», включённого в список Всемирного наследия ЮНЕСКО.","Купание в источнике, самовольные раскопки на территории археологического памятника.","Болгарское городище — столица Волжской Булгарии, а затем один из крупных центров Золотой Орды; памятник включён в список Всемирного наследия ЮНЕСКО в 2014 году.",,
kosma-i-damian-alushta,Источник святых Космы и Дамиана,Россия,"горная тропа от с. Изобильное к Косьмо-Дамиановскому монастырю, исток реки Улу-Узень, Алушта, Республика Крым",44.7333,34.3667,30000,"Один из самых известных источников Крымских гор, расположенный при бывшем Косьмо-Дамиановском монастыре. По преданию, вода источника, освящённого в честь святых бессребреников и целителей Космы и Дамиана, обладает целебной силой.","Набор воды из источника после пешего похода по горной тропе, омовение в оборудованной купели, отдых в Крымском природном заповеднике, где расположен источник.","Разведение костров в заповедной зоне, сход с маркированных троп заповедника без разрешения администрации.",Источник находится на территории Крымского природного заповедника у истока реки Улу-Узень; путь к нему — часть популярного пешего маршрута в горах над Алуштой.,,
lozhok-iskitim,Источник в микрорайоне Ложок,Россия,"бывший Искитимский лагпункт, мкр. Ложок, город Искитим, Новосибирская область",54.6425,83.3053,15000,"Источник почитается в связи с памятью новомучеников и исповедников, пострадавших в 1930-40-е годы в Искитимском лагерном пункте, устроенном на территории бывшего известнякового карьера. Место сочетает функцию мемориала жертвам репрессий и действующей православной святыни.","Набор воды из источника, посещение мемориального комплекса и поклонного креста на месте бывшего лагпункта, участие в ежегодных панихидах по новомученикам.","Несерьёзное или неуважительное поведение на территории мемориала, оставление мусора в мемориальной зоне.","Искитимский лагпункт был одним из подразделений Сиблага, где в заключении погибли многие представители духовенства; сегодня территория — место памяти и паломничества.",,
